<?xml version="1.0" encoding="UTF-8"?>
<!DOCTYPE mapper
    PUBLIC "-//mybatis.org//DTD Mapper 3.0//EN"
    "http://mybatis.org/dtd/mybatis-3-mapper.dtd">
<!-- namespace:映射器接口的全名 -->
<mapper namespace="net.onest.mapper.UserMapper">

    <!-- 结果映射 -->
    <resultMap type="net.onest.entity.User" id="userMap">
        <id column="id" property="id"></id>
        <result column="user_name" property="userName"/>
        <result column="password" property="password"/>
    </resultMap>
    
    <!-- 映射select语句 -->
    <select id="findAllUsers"  resultMap="userMap">
           select * from user
    </select>
    
    <!-- 不使用动态SQL -->
    <select id="findUserByNameAndPassword" resultMap="userMap">
        select * from user where 
        user_name = #{name}
        and password = #{password}
    </select>
    
    <!-- if实现动态查询 -->
    <!-- <select id="findUserByPhoneOrEmail" resultMap="userMap">
        select * from user
        where 1=1    
        <if test="phone != null and !phone.equals('')">
            and phone = #{phone}
        </if>
        <if test="email != null and email != ''">
            and email = #{email}
        </if>
    </select> -->
    
    <!-- if+where -->
    <!-- <select id="findUserByPhoneOrEmail" resultMap="userMap">
        select * from user
        <where>   
            <if test="phone != null and !phone.equals('')">
                and phone = #{phone}
            </if>
            <if test="email != null and email != ''">
                and email = #{email}
            </if>
        </where> 
    </select> -->
    
    <!-- if实现动态更新 -->
    <!-- <update id="updateUserByIdSelective">
        update user set
        <if test="phone != null and !phone.equals('')">
            phone = #{phone},
        </if>
        <if test="email != null and email != ''">
            email = #{email},
        </if>
        id = #{id}
        where id = #{id}
    </update> -->
    
    <!-- if+set -->
    <!-- <update id="updateUserByIdSelective">
        update user 
        <set>
            <if test="phone != null and !phone.equals('')">
                phone = #{phone},
            </if>
            <if test="email != null and email != ''">
                email = #{email},
            </if>
        </set>
        where id = #{id}
    </update> -->
    
    <!-- if实现动态插入 -->
    <!-- <insert id="insertUser">
        insert into user(user_name,phone,email
        <if test="password != null  and password != ''">
            ,password
        </if>) values(#{userName},#{phone},#{email}
        <if test="password != null  and password != ''">
            ,#{password}  
        </if>)
    </insert> -->
    
    <!-- choose实现动态查询 -->
    <!-- <select id="findUserByPhoneOrEmail" resultMap="userMap">
        select * from user
        where 1=1
        <choose>  
            <when test="phone != null and !phone.equals('')">
                and phone = #{phone}
            </when>
            <when test="email != null and email != ''">
                and email = #{email}
            </when>
            <otherwise>
                and 1 = 2
            </otherwise>
        </choose>  
    </select> -->
    
    <!-- 使用trim实现where功能 -->
    <!-- <select id="findUserByPhoneOrEmail" resultMap="userMap">
        select * from user
        <trim prefix="where" prefixOverrides="and|or">   
            <if test="phone != null and !phone.equals('')">
                and phone = #{phone}
            </if>
            <if test="email != null and email != ''">
                and email = #{email}
            </if>
        </trim>
    </select> -->
    
    <!-- trim实现set功能 -->
    <!-- <update id="updateUserByIdSelective">
        update user 
        <trim prefix="set" suffixOverrides=",">
            <if test="phone != null and !phone.equals('')">
                phone = #{phone},
            </if>
            <if test="email != null and email != ''">
                email = #{email},
            </if>
        </trim>
        where id = #{id}
    </update> -->
    
    <!-- foreach实现批量查询 -->
    <select id="findUsersByIdList" resultMap="userMap">
        select * from user where id in
        <foreach collection="array" open="(" close=")"
            item="id" separator=",">
            #{id}
        </foreach>
    </select>
    
    <!-- foreach实现批量插入 -->
    <insert id="insertUsers">
        insert into user(user_name,password,phone,email)
        values
        <foreach collection="list" item="user" separator=",">
            (#{user.userName}, #{user.password}, 
             #{user.phone}, #{user.email})
        </foreach>
    </insert>
    
    <!-- foreach实现动态更新 -->
    <update id="updateUserByMap">
        update user set
        <foreach collection="_parameter" 
            index="key" item="value" separator=",">
            ${key} = #{value}    
        </foreach>
        where id = #{id}
    </update>
</mapper>