<?xml version="1.0" encoding="UTF-8"?>
<!DOCTYPE mapper
    PUBLIC "-//mybatis.org//DTD Mapper 3.0//EN"
    "http://mybatis.org/dtd/mybatis-3-mapper.dtd">
<!-- namespace:映射器接口的全名 -->
<mapper namespace="net.onest.mapper.UserMapper">

    <!-- 结果映射 -->
    <resultMap type="net.onest.entity.User" id="userMap">
        <id column="id" property="id"></id>
        <result column="user_name" property="userName"/>
        <result column="password" property="password"/>
    </resultMap>
    
    <!-- 映射select语句 -->
    <select id="findAllUsers"  resultMap="userMap">
           select * from user
    </select>
    
    <!-- 一对一关联映射 -->
    <!-- 一：自动映射（给字段起别名） -->
    <!-- <select id="findUserAndShoppingCartById" 
        resultType="net.onest.entity.User">
        连接查询
        select u.id, u.user_name userName, u.password,
        s.cart_id "shoppingCart.id",
        s.price "shoppingCart.price"
        from user u
        left outer join shopping_cart s
        on u.id = s.user_id
        where u.id = #{id}
    </select> -->
    
    <!-- 二：使用结果映射（resultMap） -->
    <!-- <resultMap type="net.onest.entity.User" 
        id="userAndShoppingCartMap">
        <id column="id" property="id"/>
        <result column="user_name" property="userName"/>
        <result column="password" property="password"/>
        <result column="cart_id" property="shoppingCart.id"/>
        <result column="price" property="shoppingCart.price"/>
    </resultMap>
    <select id="findUserAndShoppingCartById" 
        resultMap="userAndShoppingCartMap">
        select u.id, u.user_name, u.password, s.cart_id, s.price
        from user u
        left outer join shopping_cart s
        on u.id = s.user_id
        where u.id = #{id}
    </select> -->
    
    <!-- 三：使用resultMap+association -->
    <!-- <resultMap type="net.onest.entity.User" 
        id="userAndShoppingCartMap">
        <id column="id" property="id"/>
        <result column="user_name" property="userName"/>
        <result column="password" property="password"/>
        
        映射复杂类型
        <association property="shoppingCart"
            resultMap="net.onest.mapper.ShoppingCartMapper.shoppingCartMap">
        </association>
    </resultMap>
    <select id="findUserAndShoppingCartById" 
        resultMap="userAndShoppingCartMap">
        select u.id, u.user_name, u.password, s.cart_id, s.price
        from user u
        left outer join shopping_cart s
        on u.id = s.user_id
        where u.id = #{id}
    </select> -->
    
    <!-- 四：嵌套查询（多次查询） -->
    <resultMap type="net.onest.entity.User" id="userAndShoppingCartMap">
        <id column="id" property="id"/>
        <result column="user_name" property="userName"/>
        <result column="password" property="password"/>
        
        <!-- 不能指定resultMap
            select:另一个查询的statement id
            column：等号左边是嵌套查询的参数
                    等号右边是当前查询的结果
                    fetchType="lazy":延迟检索 -->
        <association property="shoppingCart" 
            select="net.onest.mapper.ShoppingCartMapper.findShoppingCartByUserId"
            column="{uid=id}"
            fetchType="eager"></association>
    </resultMap>
    <select id="findUserAndShoppingCartById" 
        resultMap="userAndShoppingCartMap">
        select * from user
    </select>
</mapper>