<?xml version="1.0" encoding="UTF-8"?>
<!DOCTYPE mapper
    PUBLIC "-//mybatis.org//DTD Mapper 3.0//EN"
    "http://mybatis.org/dtd/mybatis-3-mapper.dtd">
<!-- namespace:映射器接口的全名 -->
<mapper namespace="net.onest.mapper.UserMapper">

    <!-- 结果映射 -->
    <resultMap type="net.onest.entity.User" id="userMap">
        <id column="id" property="id"></id>
        <result column="user_name" property="userName"/>
        <result column="password" property="password"/>
    </resultMap>
    
    <!-- 映射select语句 -->
    <select id="findAllUsers"  resultMap="userMap">
           select * from user
    </select>
    
    
    <!-- 映射一对多 -->
    <!-- 一：嵌套的ResultMap -->
    <resultMap type="net.onest.entity.User" 
        id="userAndOrdersMap" extends="userMap">
         <!-- collection映射集合类型  -->
         <collection property="orders" 
             ofType="net.onest.entity.Order"
             resultMap="net.onest.mapper.OrderMapper.orderMap">
             
         </collection>
    </resultMap>
    
    <select id="findUserAndOrdersById" resultMap="userAndOrdersMap">
        select u.id, u.user_name, u.password,
        o.order_id, o.price
        from user u
        left join orders o
        on u.id = o.user_id
        where u.id = #{id}
    </select> 
    
    <!-- 二：嵌套查询 -->
    <!-- <resultMap type="net.onest.entity.User" 
         id="userAndOrdersMap" extends="userMap">
        <collection property="orders"
            ofType="net.onest.entity.Order"
            select="net.onest.mapper.OrderMapper.findOrderByUserId"
            column="{uid=id}"
            fetchType="eager"></collection>
    </resultMap>
    <select id="findUserAndOrdersById" resultMap="userAndOrdersMap">
        select * from user where id = #{id}
    </select> -->
</mapper>