<?xml version="1.0" encoding="UTF-8"?>
<!DOCTYPE mapper
    PUBLIC "-//mybatis.org//DTD Mapper 3.0//EN"
    "http://mybatis.org/dtd/mybatis-3-mapper.dtd">
<!-- namespace:映射器接口的全名 -->
<mapper namespace="net.onest.mapper.OrderMapper">
    
    <!-- <cache/> -->
    <!-- 参照UserMapper的二级缓存 -->
    <cache-ref namespace="net.onest.mapper.UserMapper"/>
    
    <resultMap type="net.onest.entity.Order" id="orderMap">
        <id column="order_id" property="id"/>
        <result column="price" property="price"/>
    </resultMap>
    
    <select id="findOrderByUserId" resultMap="orderMap">
        select * from orders where user_id = #{uid}
    </select>
    
    <delete id="deleteOrderById">
        delete from orders where order_id = #{id}
    </delete>
</mapper>