<?xml version="1.0" encoding="UTF-8"?>
<!DOCTYPE mapper
    PUBLIC "-//mybatis.org//DTD Mapper 3.0//EN"
    "http://mybatis.org/dtd/mybatis-3-mapper.dtd">
<!-- namespace:映射器接口的全名 -->
<mapper namespace="net.onest.mapper.UserMapper">

    <!-- 结果映射 -->
    <resultMap type="net.onest.entity.User" id="userMap">
        <id column="id" property="id"></id>
        <result column="user_name" property="userName"/>
        <result column="password" property="password"/>
    </resultMap>
    
    <!-- 映射select语句 -->
    <select id="findAllUsers"  resultMap="userMap">
           select * from user
    </select>
    
    <!-- 插入操作 -->
    <insert id="insertUser" parameterType="net.onest.entity.User"
        useGeneratedKeys="true" keyProperty="id">
        insert into user(id, user_name, password)
        values(#{id}, #{userName}, #{password})
    </insert>
    
    <!-- <select id="findUserById" resultMap="userMap">
        select * from user where id=#{id}
    </select> -->
    <select id = "findUserById" resultType="net.onest.entity.User">
        select id, user_name userName, password
        from user where id = #{id}
    </select>
    
    <!-- 模糊查询 -->
    <select id="findLike" resultMap="userMap">
        select * from user where user_name like "%"#{name}"%"
    </select>
    
    <!-- 更新 -->
    <update id="updateUserById" >
        update user set
        user_name=#{userName},
        password=#{password}
        where id=#{id}
    </update>
</mapper>