<?xml version="1.0" encoding="UTF-8"?>
<!DOCTYPE configuration PUBLIC "-//mybatis.org//DTD Config 3.0//EN" "http://mybatis.org/dtd/mybatis-3-config.dtd"> 
<configuration>

    <!-- 引入java属性文件 -->
    <properties resource="db.properties"/>
    
    <!-- 通用设置：延迟加载、缓存、日志显示方式 -->
    <settings>
         <!-- 输出SQL语句 -->
         <setting name="logImpl" value="STDOUT_LOGGING"/>
    </settings>
    
    <!-- 定义类型别名 -->
    <typeAliases> 
        <!-- 定义实体类所在的包 -->
        <package name="net.onest.entity"/>
         <!-- <typeAlias type="net.onest.entity.User" alias="User"/> -->
    </typeAliases>
    
    <!-- 引入插件 -->
    <plugins>
        <!-- PageHelper分页插件 -->
        <plugin interceptor="com.github.pagehelper.PageInterceptor"></plugin>
    </plugins>
    
    <!-- 数据库环境 -->
    <environments default="dev">
         <environment id="dev">
              <!-- 数据库事务的管理方式和连接数据库参数 -->
              <transactionManager type="JDBC"/>
              <dataSource type="POOLED">
                  <property name="driver" value="${driver}"/>
                  <property name="url" value="${url}"/>
                  <property name="username" value="${username}"/>
                  <property name="password" value="${password}"/>
              </dataSource>
         </environment>
    </environments>
    
    <!-- 添加映射文件位置 -->
    <mappers>
        <!-- 添加单个映射文件 -->
        <!-- <mapper resource="net/onest/mapper/UserMapper.xml"/> -->
        <!-- 添加整个包中的映射文件 -->
        <package name="net.onest.mapper"/>
    </mappers>
</configuration>