<?xml version="1.0" encoding="UTF-8"?>
<beans xmlns="http://www.springframework.org/schema/beans"
	xmlns:xsi="http://www.w3.org/2001/XMLSchema-instance"
	xmlns:aop="http://www.springframework.org/schema/aop"
	xmlns:context="http://www.springframework.org/schema/context"
	xmlns:tx="http://www.springframework.org/schema/tx"
	xsi:schemaLocation="http://www.springframework.org/schema/beans http://www.springframework.org/schema/beans/spring-beans-3.2.xsd
		http://www.springframework.org/schema/aop http://www.springframework.org/schema/aop/spring-aop-4.0.xsd
		http://www.springframework.org/schema/context http://www.springframework.org/schema/context/spring-context-4.0.xsd
		http://www.springframework.org/schema/tx http://www.springframework.org/schema/tx/spring-tx-4.0.xsd">
	
	<!-- 添加注解支持 -->
	<context:annotation-config />
	
	<!-- 扫描server层包 -->
	<context:component-scan base-package="net.onest.server"></context:component-scan>
 
	<!-- 导入数据库连接信息的属性文件 -->
	<context:property-placeholder location="classpath:db.properties" />

    <!-- 配置数据源 :使用MyBatis实现的数据库连接池-->
    <bean id="dataSource" class="org.apache.ibatis.datasource.pooled.PooledDataSource">
        <property name="driver" value="${jdbc.driver}"/>
        <property name="url" value="${jdbc.url}"/>
        <property name="username" value="${jdbc.user}"/>
        <property name="password" value="${jdbc.password}"/>
    </bean>
    
    <!-- 配置SQLSessionFactoryBean：用于创建SQLSessionFactory对象 -->
    <bean id="sqlSessionFactory" class="org.mybatis.spring.SqlSessionFactoryBean">
        <!-- MyBatis主配置文件的位置 -->
        <property name="configLocation" value="classpath:mybatis.xml"/>
        <!-- 数据源：必选项 -->
        <property name="dataSource" ref="dataSource"/>
        <!-- 映射文件的位置 -->
        <property name="mapperLocations" value="classpath:net/onest/server/dao/*.xml"/>
    </bean>
    
    <!-- 自动扫描映射器接口 -->
    <bean class="org.mybatis.spring.mapper.MapperScannerConfigurer">
        <!-- 映射器接口所在的包 -->
        <property name="basePackage" value="net.onest.server.dao"/>
    </bean>
</beans>
