<?xml version="1.0" encoding="UTF-8"?>
<!DOCTYPE mapper
    PUBLIC "-//mybatis.org//DTD Mapper 3.0//EN"
    "http://mybatis.org/dtd/mybatis-3-mapper.dtd">
<!-- namespace:映射器接口的全名 -->
<mapper namespace="net.onest.mapper.EmployeeMapper">

    <resultMap type="net.onest.entity.Employee" id="employeeMap">
        <id column="id" property="id"/>
        <result column="name" property="name"/>
    </resultMap>
    
    <resultMap type="net.onest.entity.SalariedEmployee" 
        id="SalariedMap" extends="employeeMap">
        <result column="salary" property="salary"/>
    </resultMap>
    
    <resultMap type="net.onest.entity.HourlyEmployee" 
        id="HourlyMap" extends="employeeMap">
        <result column="rate" property="rate"/>
    </resultMap>

    <resultMap type="net.onest.entity.Employee" id="selectMap">
        <discriminator column="employee_type" 
            javaType="java.lang.String">
            <case value="SE" resultMap="SalariedMap"/>
            <case value="HE" resultMap="HourlyMap"/>
        </discriminator>
    </resultMap>
    <select id="findAllEmployee" resultMap="selectMap">
        select * from employee
    </select>
</mapper>