<?xml version="1.0" encoding="UTF-8"?>
<!DOCTYPE configuration PUBLIC "-//mybatis.org//DTD Config 3.0//EN" "http://mybatis.org/dtd/mybatis-3-config.dtd"> 
<configuration>
    
    <!-- 通用设置：延迟加载、缓存、日志显示方式 -->
    <settings>
         <!-- 输出SQL语句 -->
         <setting name="logImpl" value="STDOUT_LOGGING"/>
         <!-- 打开延迟检索 -->
         <setting name="lazyLoadingEnabled" value="true"/>
         <setting name="aggressiveLazyLoading" value="false"/>
    </settings>
    
    <!-- 数据库环境 -->
    <environments default="dev">
         <environment id="dev">
              <!-- 数据库事务的管理方式和连接数据库参数 -->
              <transactionManager type="JDBC"/>
              <dataSource type="POOLED">
                  <property name="driver" value="com.mysql.jdbc.Driver"/>
                  <property name="url" value="jdbc:mysql://localhost:3306/mybatis_demo?characterEncoding=utf-8"/>
                  <property name="username" value="root"/>
                  <property name="password" value=""/>
              </dataSource>
         </environment>
    </environments>
    
    <!-- 添加映射文件位置 -->
    <mappers>
        <!-- 添加单个映射文件 -->
        <!-- <mapper resource="net/onest/mapper/UserMapper.xml"/> -->
        <!-- 添加整个包中的映射文件 -->
        <package name="net.onest.mapper"/>
    </mappers>
</configuration>